{
  "GPT-5-nano": {
    "total_tests": 300,
    "semantic_detected": 124,
    "true_injections": 181,
    "semantic_success": 118,
    "precision": 95.16129032258065,
    "recall": 65.19337016574586,
    "f1_score": 77.37704918032787
  },
  "GPT-5": {
    "total_tests": 300,
    "semantic_detected": 283,
    "true_injections": 284,
    "semantic_success": 283,
    "precision": 100.0,
    "recall": 99.64788732394366,
    "f1_score": 99.8236331569665
  },
  "GPT-4.1-mini": {
    "total_tests": 300,
    "semantic_detected": 271,
    "true_injections": 274,
    "semantic_success": 262,
    "precision": 96.6789667896679,
    "recall": 95.62043795620438,
    "f1_score": 96.14678899082571
  },
  "Claude-4.5": {
    "total_tests": 300,
    "semantic_detected": 0,
    "true_injections": 0,
    "semantic_success": 0,
    "precision": 0,
    "recall": 0,
    "f1_score": 0
  },
  "Gemini-2.5": {
    "total_tests": 300,
    "semantic_detected": 296,
    "true_injections": 283,
    "semantic_success": 283,
    "precision": 95.6081081081081,
    "recall": 100.0,
    "f1_score": 97.75474956822107
  },
  "Phi-4": {
    "total_tests": 300,
    "semantic_detected": 270,
    "true_injections": 221,
    "semantic_success": 219,
    "precision": 81.11111111111111,
    "recall": 99.09502262443439,
    "f1_score": 89.20570264765784
  },
  "Nemotron": {
    "total_tests": 300,
    "semantic_detected": 175,
    "true_injections": 157,
    "semantic_success": 155,
    "precision": 88.57142857142857,
    "recall": 98.72611464968153,
    "f1_score": 93.3734939759036
  },
  "Qwen": {
    "total_tests": 300,
    "semantic_detected": 198,
    "true_injections": 180,
    "semantic_success": 176,
    "precision": 88.88888888888889,
    "recall": 97.77777777777777,
    "f1_score": 93.12169312169311
  }
}